姓名,邮箱,城市
Leanne Graham,Sincere@april.biz,Gwenborough
Ervin Howell,Shanna@melissa.tv,Wisokyburgh
Clementine Bauch,Nathan@yesenia.net,McKenziehaven
Patricia Lebsack,Julianne.OConner@kory.org,South Elvis
Chelsey Dietrich,Lucio_Hettinger@annie.ca,Roscoeview
Mrs. Dennis Schulist,Karley_Dach@jasper.info,South Christy
Kurtis Weissnat,Telly.Hoeger@billy.biz,Howemouth
Nicholas Runolfsdottir V,Sherwood@rosamond.me,Aliyaview
Glenna Reichert,Chaim_McDermott@dana.io,Bartholomebury
Clementina DuBuque,Rey.Padberg@karina.biz,Lebsackbury
